Pesquisar,Custo,Cliques,Impressões,Conversões
qual veneno para matar barata francesinha,"R$ 10,95",3,5,"0,00"
eliminar baratas definitivamente,"R$ 6,01",2,4,"0,00"
existe veneno para escorpião,"R$ 8,65",2,5,"0,00"
maxforce prime profissional,"R$ 13,78",2,7,"0,00"
pega barata funciona,"R$ 8,48",2,6,"0,00"
remedio para matar escorpião,"R$ 9,93",2,1,"0,00"
barata como eliminar,"R$ 11,26",1,1,"0,00"
barata francesinha como eliminar,"R$ 7,16",1,2,"0,00"
barata francesinha veneno,"R$ 3,46",1,3,"0,00"
baratas pequenas na cozinha como eliminar,"R$ 4,06",1,1,"0,00"
caltrin barata,"R$ 3,31",1,3,"0,00"
como acabar com baratas em apartamento,"R$ 7,90",1,1,"0,00"
como acabar com baratinhas na cozinha,"R$ 3,40",1,6,"0,00"
como afastar as baratas de forma natural,"R$ 3,54",1,1,"0,00"
como eliminar baratas definitivamente,"R$ 3,42",1,1,"0,00"
como se livrar das baratas em casa,"R$ 3,34",1,1,"0,00"
dedetização ceilândia,"R$ 17,28",1,1,"0,00"
giz mata barata,"R$ 4,98",1,1,"0,00"
inseticida para baratas,"R$ 7,59",1,2,"0,00"
kelldrin mata baratas,"R$ 2,98",1,2,"0,00"
massa para matar baratas,"R$ 3,60",1,1,"0,00"
mata barata,"R$ 2,43",1,4,"0,00"
matar barata caseiro,"R$ 4,99",1,1,"0,00"
melhor veneno para baratas pequenas de armário,"R$ 3,62",1,2,"0,00"
o que e bom para matar baratinhas pequenas,"R$ 2,98",1,1,"0,00"
produto para matar escorpião,"R$ 2,87",1,1,"0,00"
qual o remédio caseiro para matar barata,"R$ 3,98",1,1,"0,00"
remédio bom para matar barata,"R$ 3,40",1,1,"0,00"
remédio caseiro para matar barata francesinha,"R$ 4,81",1,1,"0,00"
remédio para barata,"R$ 3,84",1,6,"0,00"
remédio para barata pequena,"R$ 3,47",1,4,"0,00"
remédio para barata poderoso,"R$ 4,89",1,1,"0,00"
veneno para barata francesinha,"R$ 4,21",1,3,"0,00"
veneno para matar barata francesinha,"R$ 2,99",1,12,"0,00"
veneno para matar baratas pequenas,"R$ 2,75",1,2,"0,00"
veneno para matar baratinha pequena,"R$ 2,65",1,1,"0,00"
acabar com baratas no armario da cozinha,"R$ 0,00",0,1,"0,00"
acetona mata barata,"R$ 0,00",0,1,"0,00"
advion barata,"R$ 0,00",0,4,"0,00"
advion barata gel syngenta,"R$ 0,00",0,1,"0,00"
armadilha adesiva para escorpião,"R$ 0,00",0,1,"0,00"
armadilha barata baygon,"R$ 0,00",0,1,"0,00"
armadilha para barata francesinha,"R$ 0,00",0,1,"0,00"
armadilha para escorpiões,"R$ 0,00",0,1,"0,00"
avaliações sobre green dedetizadora,"R$ 0,00",0,2,"0,00"
barakell funciona,"R$ 0,00",0,1,"0,00"
baraquel,"R$ 0,00",0,1,"0,00"
barata,"R$ 0,00",0,7,"0,00"
barata francesa,"R$ 0,00",0,1,"0,00"
barata francesa branca,"R$ 0,00",0,1,"0,00"
barata francesinha,"R$ 0,00",0,4,"0,00"
barata morre no microondas,"R$ 0,00",0,1,"0,00"
barata na geladeira o que fazer,"R$ 0,00",0,1,"0,00"
barata pequena de cozinha,"R$ 0,00",0,1,"0,00"
barata safira funciona,"R$ 0,00",0,1,"0,00"
barata safira funciona mesmo,"R$ 0,00",0,1,"0,00"
barata safira onde comprar,"R$ 0,00",0,1,"0,00"
barata safira preço,"R$ 0,00",0,1,"0,00"
barata safira veneno,"R$ 0,00",0,1,"0,00"
baratas,"R$ 0,00",0,2,"0,00"
baratas francesinhas,"R$ 0,00",0,1,"0,00"
baratas francesinhas como eliminar,"R$ 0,00",0,4,"0,00"
baratas pequenas na cozinha,"R$ 0,00",0,2,"0,00"
baratas safira,"R$ 0,00",0,1,"0,00"
barataway gel,"R$ 0,00",0,1,"0,00"
baratinha em casa,"R$ 0,00",0,2,"0,00"
baratinha pequena,"R$ 0,00",0,1,"0,00"
baratinhas,"R$ 0,00",0,1,"0,00"
baratox inseticida,"R$ 0,00",0,1,"0,00"
barrage mata barata,"R$ 0,00",0,3,"0,00"
barragem mata barata,"R$ 0,00",0,3,"0,00"
barragem mata escorpião,"R$ 0,00",0,1,"0,00"
barragem veneno barata,"R$ 0,00",0,1,"0,00"
barragem veneno mata baratas,"R$ 0,00",0,1,"0,00"
baygon barata,"R$ 0,00",0,1,"0,00"
baygon mata barata francesinha,"R$ 0,00",0,1,"0,00"
baygon mata escorpião,"R$ 0,00",0,1,"0,00"
bendita canfora afasta barata,"R$ 0,00",0,1,"0,00"
bicarbonato de sódio e açúcar para matar baratas,"R$ 0,00",0,1,"0,00"
bicarbonato para matar baratas,"R$ 0,00",0,1,"0,00"
blatum gel,"R$ 0,00",0,3,"0,00"
bolfo mata barata,"R$ 0,00",0,2,"0,00"
bom para matar escorpião,"R$ 0,00",0,1,"0,00"
borax mata barata,"R$ 0,00",0,1,"0,00"
butox mata barata,"R$ 0,00",0,1,"0,00"
butox veneno mata escorpião,"R$ 0,00",0,1,"0,00"
caltrin gel,"R$ 0,00",0,1,"0,00"
caltrin mata barata,"R$ 0,00",0,1,"0,00"
caltrin remédio para barata,"R$ 0,00",0,1,"0,00"
canfora mata barata,"R$ 0,00",0,1,"0,00"
cheiro para espantar barata,"R$ 0,00",0,1,"0,00"
cockroach,"R$ 0,00",0,1,"0,00"
como acaba com as baratas em casa,"R$ 0,00",0,2,"0,00"
como acaba com baratas em casa,"R$ 0,00",0,1,"0,00"
como acabar baratas em casa,"R$ 0,00",0,1,"0,00"
como acabar com as baratas,"R$ 0,00",0,1,"0,00"
como acabar com as baratas pequenas em casa,"R$ 0,00",0,1,"0,00"
como acabar com as baratinhas,"R$ 0,00",0,1,"0,00"
como acabar com as baratinhas de apartamento,"R$ 0,00",0,1,"0,00"
como acabar com as baratinhas na cozinha,"R$ 0,00",0,2,"0,00"
