Palavra,Custo,Cliques,Impressões,Conversões,Principais consultas com a palavra
para,"R$ 87,18",22,58,"0,00","(qual veneno para matar barata francesinha, existe veneno para escorpião, remedio para matar escorpião)"
barata,"R$ 88,61",20,102,"0,00","(qual veneno para matar barata francesinha, pega barata funciona, barata como eliminar)"
matar,"R$ 55,90",15,31,"0,00","(qual veneno para matar barata francesinha, remedio para matar escorpião, massa para matar baratas)"
baratas,"R$ 48,81",12,38,"0,00","(eliminar baratas definitivamente, baratas pequenas na cozinha como eliminar, como acabar com baratas em apartamento)"
veneno,"R$ 39,28",11,37,"0,00","(qual veneno para matar barata francesinha, existe veneno para escorpião, barata francesinha veneno)"
como,"R$ 44,08",8,28,"0,00","(barata como eliminar, barata francesinha como eliminar, baratas pequenas na cozinha como eliminar)"
barata francesinha,"R$ 33,58",8,32,"0,00","(qual veneno para matar barata francesinha, barata francesinha como eliminar, barata francesinha veneno)"
remédio,"R$ 24,39",6,15,"0,00","(qual o remédio caseiro para matar barata, remédio bom para matar barata, remédio caseiro para matar barata francesinha)"
eliminar,"R$ 31,91",6,13,"0,00","(eliminar baratas definitivamente, barata como eliminar, barata francesinha como eliminar)"
escorpião,"R$ 21,45",5,12,"0,00","(existe veneno para escorpião, remedio para matar escorpião, produto para matar escorpião)"
pequenas,"R$ 13,41",4,9,"0,00","(baratas pequenas na cozinha como eliminar, melhor veneno para baratas pequenas de armário, o que e bom para matar baratinhas pequenas)"
qual,"R$ 14,93",4,6,"0,00","(qual veneno para matar barata francesinha, qual o remédio caseiro para matar barata)"
caseiro,"R$ 13,78",3,3,"0,00","(matar barata caseiro, qual o remédio caseiro para matar barata, remédio caseiro para matar barata francesinha)"
mata,"R$ 10,40",3,25,"0,00","(giz mata barata, kelldrin mata baratas, mata barata)"
baratas definitivamente,"R$ 9,43",3,5,"0,00","(eliminar baratas definitivamente, como eliminar baratas definitivamente)"
profissional,"R$ 13,78",2,7,"0,00",(maxforce prime profissional)
acabar,"R$ 11,30",2,15,"0,00","(como acabar com baratas em apartamento, como acabar com baratinhas na cozinha, acabar com baratas no armario da cozinha)"
prime,"R$ 13,78",2,7,"0,00",(maxforce prime profissional)
cozinha,"R$ 7,46",2,13,"0,00","(baratas pequenas na cozinha como eliminar, como acabar com baratinhas na cozinha, acabar com baratas no armario da cozinha)"
funciona,"R$ 8,48",2,9,"0,00","(pega barata funciona, barakell funciona, barata safira funciona)"
existe,"R$ 8,65",2,5,"0,00",(existe veneno para escorpião)
o,"R$ 6,96",2,3,"0,00","(o que e bom para matar baratinhas pequenas, qual o remédio caseiro para matar barata, barata na geladeira o que fazer)"
com,"R$ 11,30",2,17,"0,00","(como acabar com baratas em apartamento, como acabar com baratinhas na cozinha, acabar com baratas no armario da cozinha)"
de,"R$ 7,16",2,6,"0,00","(como afastar as baratas de forma natural, melhor veneno para baratas pequenas de armário, barata pequena de cozinha)"
remedio,"R$ 9,93",2,1,"0,00",(remedio para matar escorpião)
em,"R$ 11,24",2,9,"0,00","(como acabar com baratas em apartamento, como se livrar das baratas em casa, baratinha em casa)"
na,"R$ 7,46",2,12,"0,00","(baratas pequenas na cozinha como eliminar, como acabar com baratinhas na cozinha, barata na geladeira o que fazer)"
maxforce,"R$ 13,78",2,7,"0,00",(maxforce prime profissional)
pega,"R$ 8,48",2,6,"0,00",(pega barata funciona)
bom para,"R$ 6,38",2,3,"0,00","(o que e bom para matar baratinhas pequenas, remédio bom para matar barata, bom para matar escorpião)"
pequena,"R$ 6,12",2,7,"0,00","(remédio para barata pequena, veneno para matar baratinha pequena, barata pequena de cozinha)"
baratinhas,"R$ 6,38",2,12,"0,00","(como acabar com baratinhas na cozinha, o que e bom para matar baratinhas pequenas, baratinhas)"
inseticida,"R$ 7,59",1,3,"0,00","(inseticida para baratas, baratox inseticida)"
natural,"R$ 3,54",1,1,"0,00",(como afastar as baratas de forma natural)
as,"R$ 3,54",1,9,"0,00","(como afastar as baratas de forma natural, como acaba com as baratas em casa, como acabar com as baratas)"
melhor,"R$ 3,62",1,2,"0,00",(melhor veneno para baratas pequenas de armário)
baratinha,"R$ 2,65",1,4,"0,00","(veneno para matar baratinha pequena, baratinha em casa, baratinha pequena)"
caltrin,"R$ 3,31",1,6,"0,00","(caltrin barata, caltrin gel, caltrin mata barata)"
se,"R$ 3,34",1,1,"0,00",(como se livrar das baratas em casa)
em casa,"R$ 3,34",1,8,"0,00","(como se livrar das baratas em casa, baratinha em casa, como acaba com as baratas em casa)"
e,"R$ 2,98",1,2,"0,00","(o que e bom para matar baratinhas pequenas, bicarbonato de sódio e açúcar para matar baratas)"
produto,"R$ 2,87",1,1,"0,00",(produto para matar escorpião)
dedetização,"R$ 17,28",1,1,"0,00",(dedetização ceilândia)
das,"R$ 3,34",1,1,"0,00",(como se livrar das baratas em casa)
livrar,"R$ 3,34",1,1,"0,00",(como se livrar das baratas em casa)
o que,"R$ 2,98",1,2,"0,00","(o que e bom para matar baratinhas pequenas, barata na geladeira o que fazer)"
massa,"R$ 3,60",1,1,"0,00",(massa para matar baratas)
forma,"R$ 3,54",1,1,"0,00",(como afastar as baratas de forma natural)
kelldrin,"R$ 2,98",1,2,"0,00",(kelldrin mata baratas)
giz,"R$ 4,98",1,1,"0,00",(giz mata barata)
poderoso,"R$ 4,89",1,1,"0,00",(remédio para barata poderoso)
armário,"R$ 3,62",1,2,"0,00",(melhor veneno para baratas pequenas de armário)
ceilândia,"R$ 17,28",1,1,"0,00",(dedetização ceilândia)
apartamento,"R$ 7,90",1,2,"0,00","(como acabar com baratas em apartamento, como acabar com as baratinhas de apartamento)"
afastar,"R$ 3,54",1,1,"0,00",(como afastar as baratas de forma natural)
bendita,"R$ 0,00",0,1,"0,00",(bendita canfora afasta barata)
blatum,"R$ 0,00",0,3,"0,00",(blatum gel)
comprar,"R$ 0,00",0,1,"0,00",(barata safira onde comprar)
preço,"R$ 0,00",0,1,"0,00",(barata safira preço)
cheiro,"R$ 0,00",0,1,"0,00",(cheiro para espantar barata)
borax,"R$ 0,00",0,1,"0,00",(borax mata barata)
armadilha,"R$ 0,00",0,4,"0,00","(armadilha adesiva para escorpião, armadilha barata baygon, armadilha para barata francesinha)"
advion barata,"R$ 0,00",0,5,"0,00","(advion barata, advion barata gel syngenta)"
bicarbonato,"R$ 0,00",0,2,"0,00","(bicarbonato de sódio e açúcar para matar baratas, bicarbonato para matar baratas)"
branca,"R$ 0,00",0,1,"0,00",(barata francesa branca)
escorpiões,"R$ 0,00",0,1,"0,00",(armadilha para escorpiões)
barata francesa,"R$ 0,00",0,2,"0,00","(barata francesa, barata francesa branca)"
safira,"R$ 0,00",0,6,"0,00","(barata safira funciona, barata safira funciona mesmo, barata safira onde comprar)"
canfora,"R$ 0,00",0,2,"0,00","(bendita canfora afasta barata, canfora mata barata)"
gel,"R$ 0,00",0,6,"0,00","(advion barata gel syngenta, barataway gel, blatum gel)"
bolfo,"R$ 0,00",0,2,"0,00",(bolfo mata barata)
barataway,"R$ 0,00",0,1,"0,00",(barataway gel)
dedetizadora,"R$ 0,00",0,2,"0,00",(avaliações sobre green dedetizadora)
sódio,"R$ 0,00",0,1,"0,00",(bicarbonato de sódio e açúcar para matar baratas)
morre,"R$ 0,00",0,1,"0,00",(barata morre no microondas)
syngenta,"R$ 0,00",0,1,"0,00",(advion barata gel syngenta)
da,"R$ 0,00",0,1,"0,00",(acabar com baratas no armario da cozinha)
acetona,"R$ 0,00",0,1,"0,00",(acetona mata barata)
armario,"R$ 0,00",0,1,"0,00",(acabar com baratas no armario da cozinha)
adesiva,"R$ 0,00",0,1,"0,00",(armadilha adesiva para escorpião)
barakell,"R$ 0,00",0,1,"0,00",(barakell funciona)
mesmo,"R$ 0,00",0,1,"0,00",(barata safira funciona mesmo)
onde,"R$ 0,00",0,1,"0,00",(barata safira onde comprar)
afasta,"R$ 0,00",0,1,"0,00",(bendita canfora afasta barata)
avaliações,"R$ 0,00",0,2,"0,00",(avaliações sobre green dedetizadora)
baratas francesinhas,"R$ 0,00",0,5,"0,00","(baratas francesinhas, baratas francesinhas como eliminar)"
sobre,"R$ 0,00",0,2,"0,00",(avaliações sobre green dedetizadora)
butox,"R$ 0,00",0,2,"0,00","(butox mata barata, butox veneno mata escorpião)"
microondas,"R$ 0,00",0,1,"0,00",(barata morre no microondas)
acaba com,"R$ 0,00",0,3,"0,00","(como acaba com as baratas em casa, como acaba com baratas em casa)"
no,"R$ 0,00",0,2,"0,00","(acabar com baratas no armario da cozinha, barata morre no microondas)"
barrage,"R$ 0,00",0,3,"0,00",(barrage mata barata)
fazer,"R$ 0,00",0,1,"0,00",(barata na geladeira o que fazer)
barragem,"R$ 0,00",0,6,"0,00","(barragem mata barata, barragem mata escorpião, barragem veneno barata)"
green,"R$ 0,00",0,2,"0,00",(avaliações sobre green dedetizadora)
baygon,"R$ 0,00",0,4,"0,00","(armadilha barata baygon, baygon barata, baygon mata barata francesinha)"
cockroach,"R$ 0,00",0,1,"0,00",(cockroach)
açúcar,"R$ 0,00",0,1,"0,00",(bicarbonato de sódio e açúcar para matar baratas)
baratox,"R$ 0,00",0,1,"0,00",(baratox inseticida)
geladeira,"R$ 0,00",0,1,"0,00",(barata na geladeira o que fazer)
espantar,"R$ 0,00",0,1,"0,00",(cheiro para espantar barata)
baraquel,"R$ 0,00",0,1,"0,00",(baraquel)
